{
  "project_info": {
    "project_number": "368701810066",
    "project_id": "desamparo-tour-app",
    "storage_bucket": "desamparo-tour-app.firebasestorage.app"
  },
  "client": [
    {
      "client_info": {
        "mobilesdk_app_id": "1:368701810066:android:ee68bfecc7bc3463ce8d4b",
        "android_client_info": {
          "package_name": "com.example.desamparotourapp"
        }
      },
      "oauth_client": [],
      "api_key": [
        {
          "current_key": "AIzaSyBFVo_x7ks-dYlF6XJO4WNM_u_3p6EfFhI"
        }
      ],
      "services": {
        "appinvite_service": {
          "other_platform_oauth_client": []
        }
      }
    }
  ],
  "configuration_version": "1"
}